companies_name,title,location,first_name,last_name,email
1000mercis group,Software Engineer ,Paris - France ,Derek,Antoine,DerekA@example.org
Booking.com BV,Full Stack Developer,"Amsterdam, the Netherlands",Brian,Heath,BrianH@example.org
Chorus One,DevOps engineer at intersection of information security and cryptocurrency,Brisbane,Banks,Shannon,BanksS@example.org
CircleCI,Principal Software Engineer ,Michigan,Banks,Shannon,BanksS@example.org
CircleCI,Senior Full Stack Software Engineer ,Michigan,Banks,Shannon,BanksS@example.org
CircleCI,Staff Backend Software Engineer ,Michigan,Banks,Shannon,BanksS@example.org
CircleCI,Staff Site Reliability Engineer ,Michigan,Banks,Shannon,BanksS@example.org
Finastra,Expert Technical Quality Engineer,Bucharest,Effie,Leila,EffieL@example.org
Kodify,Senior Javascript Developer - Remote,Philadelphia,Avila,Damien,AvilaD@example.org
PromptWorks,Senior Software Engineer,Philadelphia,Brian,Heath,BrianH@example.org
ScaleLab,Backend Web Developer (Node),"Los Angeles, CA",Weiss,Gilbert,WeissG@example.org
St. Jude Children's Research Hospital,Multiple Senior Software Engineer Positions,"Memphis, TN",Grant,Adam,GrantA@example.org
Stocard GmbH,Senior Android Developer ,Mannheim,Brady,Nellie,BradyN@example.org
Threespot,WordPress Developer,"Washington, DC",Avila,Damien,AvilaD@example.org
UNIVERSITY OF VIRGINIA,Lead Software Engineer for Deposit Services,"Charlottesville, VA",Burks,Rosella,BurksR@example.org
Vlocity,Software Engineer,"San Francisco, CA",Burks,Rosella,BurksR@example.org
Vlocity,Software Engineer - Fullstack,"San Francisco, CA",Burks,Rosella,BurksR@example.org
Vlocity,UI Developer Front End (AngularJS),"San Francisco, CA",Burks,Rosella,BurksR@example.org
wilde van rhee GmbH,Junior Web-Entwickler (m/w) in Vollzeit,Cologne,Chuck,Lloyd,ChuckL@example.org
