job,company
Staff Site Reliability Engineer ,CircleCI
Principal Software Engineer ,CircleCI
Database Engineer / Optimization / Implementations,ClearAccessIP
DevOps engineer at intersection of information security and cryptocurrency,Chorus One
"Systems Analyst/Programmer, Libraries Information Technology ",Columbia University
"Systems Engineer, Libraries Information Technology ",Columbia University
UI Developer Front End (AngularJS),Vlocity
Senior Web Applications Engineer (Rails+),Sharethrough
Software Engineer - Fullstack,Vlocity
Backend Software Engineer - Java,Netcentric
Senior Software Engineer - Python,Pole Star Space Applications
Expert Technical Quality Engineer,Finastra
Software Engineer,Vlocity
Mobile Principal Software Engineer,CBRE
TECHNICAL PRODUCT LEAD,Clevertech
Senior Product Engineer - Ruby + JavaScript ,Publitas
Solutions Architect,Citrusbyte
Staff Backend Software Engineer ,CircleCI
Senior Software Architect,Bites Media
Researcher - Machine Learning,SKF B.V.
"Director, Software R&D",Johnson & Johnson
Senior Javascript Developer - Remote,Kodify
Junior Web-Entwickler (m/w) in Vollzeit,wilde van rhee GmbH
"DevOps Engineer [AWS, Chef, Ruby]",Aha!
"Full Stack Software Engineer (Elixir, Vue.js)",Bowery Farming
Senior Android Developer ,Stocard GmbH
Technisch Software Engineer,ALTEN Nederland
Experienced Mobile Engineer,Loco2
Experienced Software Engineers,Loco2
Ruby on Rails / Backend Software Developer (f/m),Mobisol
Woocommerce with digital downloads and subscription access,Finnovate Limited
Siri - Open Source Technologies Engineer,Apple Inc.
"Software Engineer, Platform",VigLink
"Senior Software Engineer, Platform",VigLink
Senior Data Scientist / Machine Learning Engineer,VigLink
Lead Software Engineer for Deposit Services,UNIVERSITY OF VIRGINIA
Senior Full Stack Software Engineer ,CircleCI
Backend Web Developer (Node),ScaleLab
Software Engineer ,1000mercis group
Software Engineer,Azavea
Senior Software Developer,Expert360
Staff Site Reliability Engineer ,CircleCI
Senior Software Engineer,PromptWorks
"Senior Software Engineer, Server Side Technologies",Jun Group
WordPress Developer,Threespot
"Software Engineer (Python, Java, C++, or PHP)",BlindData
Server-Side Engineer,Tozny
Multiple Senior Software Engineer Positions,St. Jude Children's Research Hospital
Full Stack Developer,Booking.com BV
Full Stack Developer,Booking.com BV
